Nature juridique du bénéficiaire;empty;empty;empty;Rattachement d'un operateur;empty;Bénéficiaire de la taxe;empty;Taxe affectée;empty;empty;empty;empty;empty;empty;empty;empty;empty;empty;Référence juridique
Autres bénéficiaires;Autres personnes morales de droit privé;Établissement public local à caractère industriel ou commercial;750412330.0;;;87.0;Etablissement public foncier local de Martinique;20.0;Taxes spéciales d'équipement;3000000.0;;;4037404.0;;;4037404.0;;;
Secteur;Catégorie d'opérateur ou répartition nature juridique;Catégorie d'opérateur ou nature juridique;;Mission;Programme;;Libellé;;Libellé;;Plafond 2022;Reversement BG 2022;;Plafond 2023;Reversement BG 2023;;Plafond 2024;Reversement BG 2024;Début du plafonnement
Autres bénéficiaires;Autres personnes morales de droit privé;Exploitant public;;;;44.0;FNAL - Fonds national d'aide au logement;21.0;Taxe annuelle sur les locaux à usage de bureaux, les locaux commerciaux, les locaux de stockage et les surfaces de stationnement annexées à ces catégories de locaux perçue dans la région Ile-de-France;66200000.0;66200000.0;0.0;66200000.0;66200000.0;0.0;66200000.0;66200000.0;0.0;LFR 2016 et LFI 2017
Organismes d'administration centrale;Autres personnes morales de droit public dépendant de l'Etat;Groupement d'intérêt public (GIP);;;;168.0;"Groupements d'intérêt public ""Objectif Meuse"" et ""Haute-Marne"" et Communes concernées";229.0;"TA-TINB - Taxe additionnelle à la taxe sur les installations nucléaires de base dite ""Accompagnement""";57809600.0;;;57809600.0;;;0.0;;;
Organismes d'administration centrale;Opérateurs État;Établissement public national à caractère administratif;130012024.0;Agriculture, alimentation, forêt et affaires rurales;206 Sécurité et qualité sanitaires de l'alimentation;1.0;ANSéS - Agence nationale de sécurité sanitaire, de l'alimentation, de l'environnement et du travail;89.0;Taxe sur les déclarations et notifications de produit du tabac;;;;;;;;;;
Organismes d'administration centrale;Opérateurs État;Établissement public national à caractère administratif;130006372.0;Agriculture, alimentation, forêt et affaires rurales;149 Compétitivité et durabilité de l'agriculture, de l'agroalimentaire et de la forêt;7.0;ASP - Agence de services et de paiement;11.0;Indemnité de défrichement;3000000.0;2000000.0;1000000.0;3000000.0;2000000.0;1000000.0;3000000.0;2000000.0;1000000.0;LFR-I 2014 et de la LFI 2015
Autres bénéficiaires;Associations;Association déclarée;784671497.0;;;91.0;ANFA - Association nationale pour la formation automobile;87.0;Taxe pour le développement de la formation professionnelle dans les métiers de la réparation de l'automobile, du cycle et du motocycle;32656722.0;;;32656722.0;;;32656722.0;;;
Organismes d'administration centrale;Opérateurs État;Établissement public national à caractère administratif;130024565.0;Travail et emploi;103 Accompagnement des mutations économiques et développement de l'emploi;189.0;France Compétences;1.0;PEFPC : Participation au financement de la formation des professions non salariées (Entreprises du Vivant, agriculture) correspondant à 0,30 % des revenus professionnels ou de l'assiette forfaitaire déterminés à l'article L. 731-16 du code rural et de la pêche maritime;62442299.0;;;66308000.0;;;63412007.0;;;
Autres bénéficiaires;Autres personnes morales de droit privé;Établissement public local à caractère industriel ou commercial;530428903.0;;;84.0;Etablissement public foncier local Béarn - Pyrénées;20.0;Taxes spéciales d'équipement;2925000.0;;;2598658.0;;;2598658.0;;;
Secteur social;Organisme gérant un régime de protection sociale à adhésion obligatoire;Autre régime de prévoyance sociale;180092561.0;;;117.0;CNSA;156.0;Contribution additionnelle de solidarité autonomie (CASA);822000000.0;;;864000000.0;;;828000000.0;;;
Organismes d'administration centrale;Opérateurs État;Établissement public national à caractère administratif;130003262.0;Administration générale et territoriale de l'État;354 Administration territoriale de l'État;41.0;ANTS - Agence nationale des titres sécurisés;55.0;Fraction des droits de timbre sur les cartes nationales d'identité;24855000.0;11250000.0;13605000.0;24855000.0;12000000.0;12855000.0;23920000.0;12000000.0;11920000.0;LFI 2012
Organismes d'administration centrale;Autres personnes morales de droit public dépendant de l'Etat;Autorité administrative indépendante;130011257.0;;;39.0;ACPR - Autorité de contrôle prudentiel et de résolution;49.0;Contributions pour frais de contrôle;218500000.0;195000000.0;23500000.0;223100000.0;195000000.0;28100000.0;232129000.0;220000000.0;12129000.0;LFI 2014
Organismes d'administration centrale;Opérateurs État;Établissement public national à caractère industriel ou commercial doté d'un comptable public;525046017.0;Écologie, développement et mobilité durables;203 Infrastructures et services de transports;14.0;SGP - Société du Grand Paris;84.0;Taxe spéciale d'équipement au profit de l'établissement public Société du Grand Paris;67100000.0;67100000.0;0.0;67100000.0;67100000.0;0.0;67079589.0;67100000.0;0.0;LFI 2012
Organismes d'administration centrale;Opérateurs État;Établissement public national à caractère administratif;130002702.0;Agriculture, alimentation, forêt et affaires rurales;149 Compétitivité et durabilité de l'agriculture, de l'agroalimentaire et de la forêt;2.0;INAO - Institut national de l'origine et de la qualité;3.0;Droit sur les produits bénéficiant d'une appellation d'origine ou d'une indication géographique protégée (INAO);6100000.0;7500000.0;0.0;6100000.0;7500000.0;0.0;6100000.0;7500000.0;0.0;LFI 2012
Autres bénéficiaires;Associations;Association déclarée;810158956.0;;;188.0;AGFPN - Association de Gestion du Fonds Paritaire National – AGFPN.;264.0;Contribution patronale au dialogue social (0,016%);98045343.0;;;98045343.0;;;111000000.0;;;
Secteur local;Intercommunalité;Autre établissement public local de coopération non spécialisé ou entente;;;;15.0;Personnes publiques ou privées exploitant des aérodromes pour lesquels : - le nombre annuel des mouvements d'aéronefs de masse maximale au décollage supérieure ou égale à 20 tonnes a dépassé 20 000 lors de l'une des cinq années civiles précédentes, - ou le nombre annuel des mouvements d'aéronef de masse maximale au décollage supérieure ou égale à 2 tonnes a dépassé 50 000 lors de l'une des 5 années civiles précédentes, si les plans d'exposition au bruit ou de gêne sonore de cet aérodrome possèdent un domaine d'intersection avec les plans d'exposition au bruit ou de gêne sonore d'un aérodrome présentant les caractéristiques définies au tiret précédent.;23.0;Taxe sur les nuisances sonores aériennes;36800000.0;55000000.0;0.0;44000000.0;55000000.0;0.0;49600000.0;55000000.0;0.0;LFI 2014
Organismes d'administration centrale;Etablissements publics nationaux (non opérateurs);Établissement public national à caractère administratif;180035107.0;;;123.0;FSV;136.0;Contribution sociale généralisée (CSG);19536000000.0;;;20337000000.0;;;19554000000.0;;;
Autres bénéficiaires;Associations;Association déclarée;349958876.0;;;93.0;Association de gestion du fonds de développement pour l'insertion professionnelle des handicapés (AGEFIPH);91.0;Contribution annuelle au fonds de développement pour l'insertion professionnelle des handicapés (FIPH);442400000.0;;;442400000.0;;;442400000.0;;;
Organismes d'administration centrale;Opérateurs État;Établissement public national ayant fonction d'administration centrale;180080012.0;Économie;134 Développement des entreprises et régulations;172.0;INPI - Institut national de la propriété industrielle;231.0;Redevances perçues à l'occasion des procédures et formalités en matière de propriété industrielle ainsi que de registre du commerce et des sociétés, établies par divers textes;170000000.0;94000000.0;76000000.0;182220000.0;94000000.0;88220000.0;170000000.0;94000000.0;76000000.0;LFI 2021
Organismes d'administration centrale;Opérateurs État;Établissement public national à caractère administratif;180092272.0;Cohésion des territoires;135 Urbanisme, territoires et amélioration de l'habitat;110.0;CGLLS - Caisse de garantie du logement locatif social;121.0;Cotisation versée par les organismes HLM et les SEM;384000000.0;;;342622000.0;;;272800000.0;;;
Secteur social;Organisme gérant un régime de protection sociale à adhésion obligatoire;Régime spécial de Sécurité Sociale;478650385.0;;;97.0;Caisse nationale de retraite des industries électriques et gazières;97.0;Contribution tarifaire d'acheminement (CTA);1643360000.0;;;1702180000.0;;;1671000000.0;;;
Secteur local;Communes;Commune et commune nouvelle;;;;129.0;Communes;163.0;Taxe pour non-raccordement à l'égout - Participation pour le financement de l'assainissement collectif (PAC);472229.0;;;472229.0;;;646115.0;;;
Autres bénéficiaires;Autres personnes morales de droit privé;Établissement public national à caractère industriel ou commercial doté d'un comptable public;421198649.0;;;52.0;Etablissement public d'aménagement en Guyane;20.0;Taxes spéciales d'équipement;3471000.0;3405000.0;66000.0;3938000.0;3938000.0;0.0;3938000.0;3938000.0;0.0;LFR 2016 et LFI 2017
Secteur local;Communes;Commune et commune nouvelle;;;;141.0;Communes ou EPCI (établissements publics de coopération intercommunale) à fiscalité propre et Départements - part intercommunale;185.0;Taxe sur les remontées mécaniques;104661.0;;;104661.0;;;652277.0;;;
Secteur local;Régions;Région;237500079.0;;;176.0;Région Ile-de-France;237.0;Redevance pour création de bureaux ou de locaux de recherche en région Ile-de-France;;;;;;;;;;
Organismes d'administration centrale;Etablissements publics nationaux (non opérateurs);Établissement public national à caractère administratif;180014045.0;;;114.0;Centre national de la fonction publique territoriale (CNFPT);131.0;Cotisation obligatoire;424585241.0;;;493635074.0;;;416500047.0;;;
Secteur social;Organisme mutualiste;Assurance mutuelle agricole;;;;45.0;CAAA - Caisses d'assurances d'accidents agricoles d'Alsace-Moselle;95.0;Cotisation au profit des caisses d’assurances d’accidents agricoles d’Alsace-Moselle;0.0;;;0.0;;;0.0;;;
Secteur social;Organisme gérant un régime de protection sociale à adhésion obligatoire;Régime général de la Sécurité Sociale;180035024.0;;;99.0;CNAMTS;101.0;Contribution due par les laboratoires et les grossistes répartiteurs sur les ventes en gros aux officines pharmaceutiques;234301805.0;;;247188404.0;;;239185625.0;;;
Secteur social;Organisme gérant un régime de protection sociale à adhésion obligatoire;Mutualité sociale agricole;302990445.0;;;102.0;CCMSA (non salariés-maladie);117.0;Taxe sur les boissons sucrées;430945957.0;;;437841092.0;;;452910562.0;;;
Organismes d'administration centrale;Opérateurs État;Établissement public national à caractère administratif;130024565.0;Travail et emploi;103 Accompagnement des mutations économiques et développement de l'emploi;189.0;France Compétences;207.0;PEFPC : Participation au financement de la formation des professions non salariées (à l'exception des artisans et des exploitants agricoles) correspondant à 0,25% du montant annuel du plafond de la sécurité sociale;176892756.0;;;181168800.0;;;231271297.0;;;
Organismes d'administration centrale;Etablissements publics nationaux (non opérateurs);Établissement public national à caractère administratif;;;;215.0;Comités départementaux et interdépartementaux des pêches maritimes et des élevages marins;290.0;Taxe sur les installations de production d'électricité utilisant l'énergie mécanique du vent situées dans les eaux intérieures ou la mer territoriale;;;;0.0;;;0.0;;;
Organismes d'administration centrale;Opérateurs État;Établissement public national à caractère administratif;130020464.0;Cohésion des territoires;135 Urbanisme, territoires et amélioration de l'habitat;46.0;ANCOLS - Agence nationale de contrôle du logement social;65.0;Prélèvement sur la participation des employeurs à l'effort de construction (PEEC);6450000.0;6450000.0;0.0;6450000.0;6450000.0;0.0;6450000.0;6450000.0;0.0;LFR-I 2014 et de la LFI 2015
Secteur local;Communes;Commune et commune nouvelle;;;;134.0;Communes de plus de 5.000 hbts;174.0;Taxe communale additionnelle à certains droits d'enregistrement;3432358520.0;;;3089122668.0;;;3483878686.0;;;
Autres bénéficiaires;Autres personnes morales de droit privé;Safer anonyme à directoire;623820602.0;;;60.0;Etablissement public foncier de Normandie;20.0;Taxes spéciales d'équipement;10479000.0;9823000.0;656000.0;10151000.0;10151000.0;0.0;10151000.0;10151000.0;0.0;LFR-I 2014 et de la LFI 2015
Autres bénéficiaires;Autres personnes morales de droit privé;Établissement public national à caractère industriel ou commercial doté d'un comptable public;509167680.0;;;78.0;Etablissement public foncier d'Occitanie;20.0;Taxes spéciales d'équipement;23878000.0;22830000.0;1048000.0;31596000.0;31596000.0;0.0;31596000.0;31596000.0;0.0;LFR-I 2014 et de la LFI 2015
Secteur social;Organisme gérant un régime de protection sociale à adhésion obligatoire;Régime général de la Sécurité Sociale;180035032.0;;;126.0;"CNAMTS, CNAVTS, CCMSA (non salariés-maladie) en 2016; CNAVTS dès 2017";144.0;Redevances UMTS 2G et 3G;12835871.0;;;12835871.0;;;7889416.0;;;
Secteur social;Organisme gérant un régime de protection sociale à adhésion obligatoire;Régime général de la Sécurité Sociale;180035065.0;;;111.0;CNAF;126.0;Taxe sur les véhicules de société (TVS);732493825.0;;;759818763.0;;;689613997.0;;;
Organismes d'administration centrale;Opérateurs État;Établissement public national à caractère administratif;130024565.0;Travail et emploi;103 Accompagnement des mutations économiques et développement de l'emploi;189.0;France Compétences;259.0;PEFPC : Participation au financement de la formation des intermittents correspondant au minimum à 2% des rémunérations versées;30245830.0;;;31364926.0;;;33300000.0;;;
Secteur local;Communes;Commune et commune nouvelle;;;;129.0;Communes;157.0;Impôt sur les spectacles, jeux et divertissements;157914466.0;;;157914466.0;;;307461123.0;;;
Organismes d'administration centrale;Opérateurs État;Établissement public national à caractère administratif;180046039.0;Médias, livre et industries culturelles;334 Livre et industries culturelles;107.0;CNC - Centre national du cinéma et de l'image animée;150.0;TSA - Taxe sur le prix des entrées aux séances organisées par les exploitants d’établissements de spectacles cinématographiques;117865434.0;;;135793000.0;;;156300000.0;;;
Autres bénéficiaires;Autres personnes morales de droit privé;Établissement public local à caractère industriel ou commercial;451638902.0;;;67.0;Etablissement public foncier local des collectivités de Côte-d'Or;20.0;Taxes spéciales d'équipement;2700000.0;;;3051700.0;;;3051700.0;;;
Organismes d'administration centrale;Opérateurs État;Autre établissement public national administratif à compétence territoriale limitée;184503019.0;Écologie, développement et mobilité durables;113 Paysages, eau et biodiversité;24.0;Agences de l'eau;32.0;Redevance pour obstacle sur les cours d’eau, redevance pour stockage d’eau en période d’étiage, redevance pour la protection du milieu aquatique, redevance pour pollutions diffuses, redevances pour prélèvement sur la ressource en eau, redevances pour pollution de l’eau, redevances pour modernisation des réseaux de collecte, redevances cynégétiques, droit de validation du permis de chasse;2197620000.0;2197620000.0;0.0;2197620000.0;2197620000.0;0.0;2347620000.0;2347620000.0;0.0;LFR 2015 et de la LFI 2016
Organismes d'administration centrale;Etablissements publics nationaux (non opérateurs);Établissement public national à caractère administratif;;;;210.0;Fonds pour l'emploi du travail temporaire;287.0;Contribution conventionnelle à la formation pour les entreprises de travail temporaire;65000000.0;;;67405000.0;;;64180000.0;;;
Organismes d'administration centrale;Opérateurs État;Établissement public national à caractère industriel ou commercial doté d'un comptable public;525046017.0;Écologie, développement et mobilité durables;203 Infrastructures et services de transports;14.0;SGP - Société du Grand Paris;267.0;Taxe additionnelle régionale de 15% à la taxe de séjour IDF;15000000.0;30000000.0;0.0;20000000.0;25000000.0;0.0;9698326.0;15000000.0;0.0;LFI 2019
Autres bénéficiaires;Autres personnes morales de droit privé;Établissement public local à caractère industriel ou commercial;750757304.0;;;70.0;Etablissement public foncier local du Pays basque;20.0;Taxes spéciales d'équipement;4725000.0;;;4273190.0;;;4273190.0;;;
Organismes d'administration centrale;Opérateurs État;Établissement public national à caractère industriel ou commercial non doté d'un comptable public;390199669.0;Écologie, développement et mobilité durables;174 Énergie, climat et après-mines;21.0;ANDRA - Agence nationale pour la gestion des déchets radioactifs;29.0;Taxe additionnelle à la taxe sur les installations nucléaires de base - Recherche;65072400.0;55000000.0;10072400.0;65072400.0;55000000.0;10072400.0;65072400.0;55000000.0;10072400.0;LFI 2012
Organismes d'administration centrale;Opérateurs État;Établissement public national à caractère industriel ou commercial doté d'un comptable public;882539786.0;Médias, livre et industries culturelles;334 Livre et industries culturelles;202.0;CNM - Centre national de la musique;92.0;Taxe sur les spectacles de variétés;33503617.0;50000000.0;0.0;30000000.0;50000000.0;0.0;35000000.0;50000000.0;0.0;LFI 2012
Secteur social;Organisme gérant un régime de protection sociale à adhésion obligatoire;Régime général de la Sécurité Sociale;180035032.0;;;126.0;"CNAMTS, CNAVTS, CCMSA (non salariés-maladie) en 2016; CNAVTS dès 2017";139.0;Contribution sociale de solidarité des sociétés (C3S);4374610165.0;;;4613026419.0;;;4273554075.0;;;
Autres bénéficiaires;Autres personnes morales de droit privé;Établissement public local à caractère industriel ou commercial;493901102.0;;;73.0;Etablissement public foncier local du Doubs;20.0;Taxes spéciales d'équipement;6975000.0;;;6242100.0;;;6242100.0;;;
Autres bénéficiaires;Associations;Association déclarée;;;;54.0;Organismes de secours et de sauvetage en mer agréés (art. L742-9 code de la sécurité intérieure);290.0;Taxe sur les installations de production d'électricité utilisant l'énergie mécanique du vent situées dans les eaux intérieures ou la mer territoriale;;;;0.0;;;0.0;;;
Secteur local;Collectivités territoriales de l'Outre-Mer;Collectivité et territoire d'Outre Mer;;;;128.0;Collectivités territoriales des DOM;172.0;Droit d'octroi de mer et droit d'octroi de mer régional;1373812346.0;;;1373812346.0;;;1655669863.0;;;
Secteur local;Intercommunalité;Autre établissement public local de coopération non spécialisé ou entente;;;;159.0;EPCI concernés - Etablissements publics de coopération intercommunale à fiscalité propre (Communes concernées jusqu'en 2012);219.0;Fraction du Prélèvement sur les paris hippiques affectée aux EPCI sur le territoire desquelles sont ouverts au public un ou plusieurs hippodromes (affectée jusqu'aux mises 2012 versées en 2013 aux Communes concernées);11000000.0;;;11000000.0;;;0.0;;;
Secteur local;Départements;Département;;;;147.0;Départements (part départementale);198.0;Taxe départementale additionnelle à certains droits d'enregistrement;164833485.0;;;148350136.0;;;189123263.0;;;
Organismes d'administration centrale;Opérateurs État;Établissement public national à caractère administratif;180046039.0;Médias, livre et industries culturelles;334 Livre et industries culturelles;107.0;CNC - Centre national du cinéma et de l'image animée;149.0;Cotisations (normale et supplémentaire) des entreprises cinématographiques;7006399.0;;;10102000.0;;;10600000.0;;;
Autres bénéficiaires;Autres personnes morales de droit privé;Centre technique industriel ou comité professionnel du développement économique;775649726.0;;;29.0;CTC - Comité professionnel de développement Cuir, Chaussure, Maroquinerie;37.0;Taxe pour le développement des industries du cuir, de la maroquinerie, de la ganterie et de la chaussure;16500000.0;;;16500000.0;;;16500000.0;;;
Organismes d'administration centrale;Opérateurs État;Groupement d'intérêt public (GIP);130025281.0;Sport, jeunesse et vie associative;219 Sport;201.0;ANS - Agence nationale du sport;72.0;Contribution sur la cession à un service de télévision des droits de diffusion de manifestations ou de compétitions sportives;59063955.0;74100000.0;0.0;59665398.0;59665398.0;0.0;59665398.0;59665398.0;0.0;LFI 2012
Autres bénéficiaires;Associations;Fondation;413812827.0;;;160.0;Fondation du patrimoine;220.0;Fraction du produit des successions en déshérence;0.0;;;0.0;;;0.0;;;
Secteur social;Organisme gérant un régime de protection sociale à adhésion obligatoire;Régime général de la Sécurité Sociale;180035032.0;;;126.0;"CNAMTS, CNAVTS, CCMSA (non salariés-maladie) en 2016; CNAVTS dès 2017";143.0;"Prélèvement sur les contrats d'assurance-vie en deshérence; 'Prélèvement sur les contrats participation et intéressement en déshérence";17183302.0;;;17183302.0;;;18639444.0;;;
Organismes d'administration centrale;Opérateurs État;Établissement public national à caractère administratif;130003262.0;Administration générale et territoriale de l'État;354 Administration territoriale de l'État;41.0;ANTS - Agence nationale des titres sécurisés;52.0;Taxe pour la gestion des certificats d'immatriculation des véhicules;40000000.0;36200000.0;3800000.0;40000000.0;36200000.0;3800000.0;42000000.0;36200000.0;5800000.0;LFR-I 2014 et de la LFI 2015
Autres bénéficiaires;Associations;Association déclarée;401415500.0;;;191.0;France Galop et la société d’encouragement à l’élevage du cheval français (SECF);269.0;Redevances sur les paris hippiques;84677756.0;;;84677756.0;;;74057800.0;;;
Autres bénéficiaires;Autres personnes morales de droit privé;Établissement public national à caractère industriel ou commercial doté d'un comptable public;422097683.0;;;61.0;Etablissement public foncier de l'Ouest Rhône-Alpes;20.0;Taxes spéciales d'équipement;20510000.0;19104000.0;1406000.0;19807000.0;19807000.0;0.0;19807000.0;19807000.0;0.0;LFR-I 2014 et de la LFI 2015
Secteur social;Organisme gérant un régime de protection sociale à adhésion obligatoire;Régime général de la Sécurité Sociale;180035065.0;;;111.0;CNAF;128.0;Taxe spéciale sur les conventions d'assurance automobile;1102048584.0;;;1135110042.0;;;1140094481.0;;;
Secteur local;Intercommunalité;Autre établissement public local de coopération non spécialisé ou entente;;;;95.0;Autorités organisatrices des transports urbains;94.0;Versement transport dû par les entreprises de plus de 9 salariés implantées en province;;;;;;;;;;
Autres bénéficiaires;Autres personnes morales de droit privé;Établissement public local à caractère industriel ou commercial;532828175.0;;;86.0;Etablissement public foncier local d'Agen;20.0;Taxes spéciales d'équipement;375000.0;;;0.0;;;0.0;;;
Secteur local;Communes;Commune et commune nouvelle;;;;140.0;Communes ou EPCI (établissements publics de coopération intercommunale) à fiscalité propre et Départements - part communale;185.0;Taxe sur les remontées mécaniques;5271117.0;;;5271117.0;;;45519732.0;;;
Secteur local;Intercommunalité;Autre établissement public local de coopération non spécialisé ou entente;;;;137.0;Communes ou EPCI (établissements publics de coopération intercommunale à fiscalité propre) - part intercommunale;184.0;Taxe de ski de fond;2175955.0;;;2175955.0;;;2309618.0;;;
Secteur local;Organismes consulaires;Organisme consulaire;;;;32.0;Chambres de commerce et d'industrie de région (CCI-R);41.0;TA-CVAE - Taxe additionnelle à la cotisation sur la valeur ajoutée des entreprises pour frais de chambres de commerce et d'industrie de région;276000000.0;226117000.0;49883000.0;272000000.0;245117000.0;26883000.0;296000000.0;245117000.0;50883000.0;LFI 2013 et de la LFR-III 2012
Organismes d'administration centrale;Opérateurs État;Établissement public national à caractère administratif;130012024.0;Agriculture, alimentation, forêt et affaires rurales;206 Sécurité et qualité sanitaires de l'alimentation;1.0;ANSéS - Agence nationale de sécurité sanitaire, de l'alimentation, de l'environnement et du travail;74.0;Taxe annuelle portant sur les autorisations de médicaments vétérinaires et les autorisations d’établissements pharmaceutiques vétérinaires;4000000.0;4500000.0;0.0;4000000.0;4500000.0;0.0;4000000.0;4500000.0;0.0;LFR 2016 et LFI 2017
Organismes d'administration centrale;Opérateurs État;Établissement public national à caractère administratif;180092553.0;Écologie, développement et mobilité durables;203 Infrastructures et services de transports;18.0;AFITF - Agence de financement des infrastructures de transport de France;293.0;Taxe sur les exploitants d'infrastructures de transports;;;;0.0;;;600000000.0;600000000.0;0.0;LFI 2024
Secteur local;Intercommunalité;Autre établissement public local de coopération non spécialisé ou entente;;;;143.0;Communes et EPCI (établissements publics de coopération intercommunale) situés dans un rayon maximal autour de l'accès principal aux installations de stockage;179.0;"TA-TINB - Taxe additionnelle à la taxe sur les installations nucléaires de base dite ""de stockage""";3300000.0;;;3300000.0;;;0.0;;;
Organismes d'administration centrale;Opérateurs État;Établissement public national à caractère administratif;180092553.0;Écologie, développement et mobilité durables;203 Infrastructures et services de transports;18.0;AFITF - Agence de financement des infrastructures de transport de France;26.0;Fraction affectée du produit du relèvement du tarif de taxe intérieure de consommation sur les produits énergétiques (TICPE) sur le carburant gazole;1247500000.0;1247500000.0;0.0;1908403082.0;1908403082.0;0.0;2090357000.0;2090357000.0;0.0;LFR-I 2014 et de la LFI 2015
Secteur social;Organisme gérant un régime de protection sociale à adhésion obligatoire;Régime général de la Sécurité Sociale;180035024.0;;;99.0;CNAMTS;241.0;Droits perçus au profit de la Caisse nationale de l'assurance maladie des travailleurs salariés (CNAMTS) en matière de produits de santé, taxe annuelle due par les laboratoires de biologie médicale;81553180.0;;;86038605.0;;;72454690.0;;;
Secteur local;Départements;Département;;;;147.0;Départements (part départementale);196.0;Taxe sur les conventions d'assurance;8471959380.0;;;8760005999.0;;;9292980775.0;;;
Organismes d'administration centrale;Opérateurs État;Groupement d'intérêt public (GIP);130025281.0;Sport, jeunesse et vie associative;219 Sport;201.0;ANS - Agence nationale du sport;70.0;Prélèvement sur les jeux exploités par la FdJ hors paris sportifs;246087951.0;71844000.0;174243951.0;246087951.0;71844000.0;174243951.0;246087951.0;71844000.0;174243951.0;LFI 2012
Organismes d'administration centrale;Opérateurs État;Établissement public national à caractère administratif;130024565.0;Travail et emploi;103 Accompagnement des mutations économiques et développement de l'emploi;189.0;France Compétences;258.0;PEFPC : Participation au financement de la formation des professions non salariées (Artistes auteurs) correspondant au minimum à 0,1% au du montant annuel du plafond de la SS;8900000.0;;;9754400.0;;;15532187.0;;;
Secteur local;Régions;Région;;;;177.0;Régions de la Guadeloupe, de la Martinique, de la Guyane et de la Réunion;239.0;Taxe due par les entreprises de transport public aérien et maritime sur les passagers embarqués;31870573.0;;;31870573.0;;;48924512.0;;;
Autres bénéficiaires;Autres personnes morales de droit privé;Centre technique industriel ou comité professionnel du développement économique;;;;36.0;"CTI des matériaux : Centre d'étude et de recherche de l'industrie du béton (CERIB); Centre technique de matériaux naturels de construction (CTMNC)";46.0;Taxe pour le développement des industries des matériaux de construction regroupant les industries du béton, de la terre cuite et des roches ornementales et de construction;13079542.0;;;13079542.0;;;13079542.0;;;
Organismes d'administration centrale;Opérateurs État;Établissement public national à caractère industriel ou commercial doté d'un comptable public;525046017.0;Écologie, développement et mobilité durables;203 Infrastructures et services de transports;14.0;SGP - Société du Grand Paris;22.0;Imposition forfaitaire sur le matériel roulant circulant sur le réseau de transport ferroviaire et guidé géré par la RATP - IFER-STIF RATP;75200000.0;76000000.0;0.0;76700000.0;79000000.0;0.0;82223671.0;84000000.0;0.0;LFI 2012
Organismes d'administration centrale;Opérateurs État;Établissement public national à caractère administratif;130006364.0;Agriculture, alimentation, forêt et affaires rurales;149 Compétitivité et durabilité de l'agriculture, de l'agroalimentaire et de la forêt;3.0;FranceAgriMer;4.0;Certificats sanitaires et phytosanitaires;0.0;2000000.0;0.0;;;;;;;
Organismes d'administration centrale;Autres personnes morales de droit public dépendant de l'Etat;Service déconcentré de l'État à compétence (inter) régionale;;;;162.0;Fonds national de compensation de l'énergie éolienne en mer (Communes, Comité national de la pêche, activités maritimes);222.0;IFER éoliennes;0.0;;;0.0;;;0.0;;;
Autres bénéficiaires;Autres personnes morales de droit privé;Exploitant public;;;;44.0;FNAL - Fonds national d'aide au logement;68.0;Cotisation des employeurs;2695000000.0;;;2887000000.0;;;3008000000.0;;;
Secteur social;Organisme gérant un régime de protection sociale à adhésion obligatoire;Mutualité sociale agricole;302990445.0;;;102.0;CCMSA (non salariés-maladie);118.0;Taxe sur les boissons édulcorées;37990577.0;;;38598427.0;;;41238661.0;;;
Organismes d'administration centrale;Opérateurs État;Établissement public national à caractère administratif;180067027.0;Cohésion des territoires;135 Urbanisme, territoires et amélioration de l'habitat;47.0;ANAH - Agence nationale de l'habitat;67.0;Taxe annuelle sur les logements vacants;;;;;;;;;;
Organismes d'administration centrale;Opérateurs État;Établissement public national à caractère administratif;180005019.0;Écologie, développement et mobilité durables;113 Paysages, eau et biodiversité;23.0;CELRL - Conservatoire de l'espace littoral et des rivages lacustres;31.0;Taxe annuelle sur les engins maritimes à usage personnel (TAEMUP);40000000.0;40000000.0;0.0;40000000.0;40000000.0;0.0;40000000.0;40000000.0;0.0;LFI 2012
Autres bénéficiaires;Autres personnes morales de droit privé;Établissement public national à caractère industriel ou commercial doté d'un comptable public;510194186.0;;;77.0;Etablissement public foncier de Nouvelle-Aquitaine;20.0;Taxes spéciales d'équipement;24322000.0;22161000.0;2161000.0;23242000.0;23242000.0;0.0;23242000.0;23242000.0;0.0;LFR-I 2014 et de la LFI 2015
Secteur local;Communes;Commune et commune nouvelle;;;;129.0;Communes;162.0;Taxe sur les déchets réceptionnés dans une installation de stockage ou un incinérateur de déchets ménagers;17313784.0;;;17313784.0;;;19116898.0;;;
Secteur social;Organisme gérant un régime de protection sociale à adhésion obligatoire;Régime général de la Sécurité Sociale;180035024.0;;;99.0;CNAMTS;103.0;Contribution due par les entreprises fabriquant ou exploitant des dispositifs médicaux sur leurs dépenses de publicité;50945475.0;;;53747476.0;;;26745256.0;;;
Organismes d'administration centrale;Opérateurs État;Groupement d'intérêt public (GIP);130025281.0;Sport, jeunesse et vie associative;219 Sport;201.0;ANS - Agence nationale du sport;69.0;Prélèvement sur les paris sportifs en ligne de la FdJ et des nouveaux opérateurs agréés;181700607.0;34600000.0;147100607.0;181700607.0;34600000.0;147100607.0;181700607.0;34600000.0;147100607.0;LFI 2012
Organismes d'administration centrale;Opérateurs État;Établissement public national à caractère administratif;130020464.0;Cohésion des territoires;135 Urbanisme, territoires et amélioration de l'habitat;46.0;ANCOLS - Agence nationale de contrôle du logement social;66.0;Cotisation versée par les organismes HLM;11334000.0;11334000.0;0.0;11334000.0;11334000.0;0.0;11334000.0;11334000.0;0.0;LFR-I 2014 et de la LFI 2015
Autres bénéficiaires;Autres personnes morales de droit privé;Établissement public national à caractère industriel ou commercial doté d'un comptable public;383330115.0;;;69.0;Etablissement public foncier des Hauts de France;20.0;Taxes spéciales d'équipement;18233000.0;18233000.0;0.0;20714000.0;20714000.0;0.0;23214000.0;23214000.0;0.0;LFR-I 2014 et de la LFI 2015
Secteur local;Organismes consulaires;Organisme consulaire;;;;32.0;Chambres de commerce et d'industrie de région (CCI-R);42.0;TA-CFE - fraction CCI-R de la Taxe additionnelle à la cotisation foncière des entreprises pour frais de chambres de commerce et d’industrie de région;270000000.0;299000000.0;0.0;280000000.0;280000000.0;0.0;280000000.0;255000000.0;25000000.0;LFI 2013 et de la LFR-III 2012
Organismes d'administration centrale;Opérateurs État;Établissement public national à caractère administratif;130003262.0;Administration générale et territoriale de l'État;354 Administration territoriale de l'État;41.0;ANTS - Agence nationale des titres sécurisés;53.0;Droit de timbre pour la délivrance du permis de conduire en cas de perte ou de vol;9604000.0;7000000.0;2604000.0;9604000.0;7000000.0;2604000.0;8780000.0;7000000.0;1780000.0;LFI 2012
Autres bénéficiaires;Autres personnes morales de droit privé;Centre technique industriel ou comité professionnel du développement économique;;;;33.0;Centres techniques industriels de la plasturgie et des composites;43.0;Taxe affectée au financement d’un nouveau Centre Technique Industriel de la plasturgie et des composites;6400000.0;;;6400000.0;;;6400000.0;;;
Secteur social;Organisme gérant un régime de protection sociale à adhésion obligatoire;Régime général de la Sécurité Sociale;180035065.0;;;111.0;CNAF;136.0;Contribution sociale généralisée (CSG);13209000000.0;;;13741000000.0;;;13240000000.0;;;
Secteur local;Organismes consulaires;Organisme consulaire;;;;6.0;Chambres départementales d'agriculture;9.0;Taxe additionnelle à la taxe foncière sur les propriétés non baties, pour frais de chambres d'agriculture (TCA-TFPNB);292000000.0;292000000.0;0.0;292000000.0;292000000.0;0.0;300800000.0;300800000.0;0.0;LFI 2013 et de la LFR-III 2012
Secteur social;Organisme gérant un régime de protection sociale à adhésion obligatoire;Mutualité sociale agricole;302990445.0;;;101.0;CCMSA - non salariés branche vieillesse;113.0;Droit de circulation sur les vins, cidres, poirés et hydromels;106143025.0;;;105557986.0;;;108000000.0;;;
Autres bénéficiaires;Autres personnes morales de droit privé;Établissement public local à caractère industriel ou commercial;794380733.0;;;184.0;Etablissement public et foncier de Guadeloupe;20.0;Taxes spéciales d'équipement;4275000.0;;;6000427.0;;;0.0;;;
Autres bénéficiaires;Associations;Association déclarée;;;;54.0;Organismes de secours et de sauvetage en mer agréés (art. L742-9 code de la sécurité intérieure);245.0;Taxe annuelle sur les engins maritimes à usage personnel (TAEMUP) – Fraction perçue sur les engins ne battant pas pavillon français;160000.0;4000000.0;0.0;160000.0;4000000.0;0.0;160000.0;4000000.0;0.0;LFR 2017 et LFI 2018
Autres bénéficiaires;Autres personnes morales de droit privé;Établissement public local à caractère industriel ou commercial;493349773.0;;;71.0;Etablissement public foncier local de l'Ain;20.0;Taxes spéciales d'équipement;3750000.0;;;3090230.0;;;3090230.0;;;
Autres bénéficiaires;Autres personnes morales de droit privé;Société à responsabilité limitée (sans autre indication);;;;190.0;Filière de responsabilité élargie du producteur (REP) relative aux navires de plaisance et de sport hors d’usage (NPSHU);31.0;Taxe annuelle sur les engins maritimes à usage personnel (TAEMUP);900000.0;;;900000.0;;;900000.0;;;
Organismes d'administration centrale;Opérateurs État;Établissement public national à caractère administratif;130024565.0;Travail et emploi;103 Accompagnement des mutations économiques et développement de l'emploi;189.0;France Compétences;120.0;Contribution supplémentaire à l'apprentissage;310734926.0;;;235000000.0;;;190250267.0;;;
Secteur local;Régions;Région;;;;156.0;Régions;216.0;Taxe intérieure de consommation sur les produits énergétique (TICPE dont part modulable);4642852141.0;;;4659437639.0;;;4847712499.0;;;
Secteur local;Communes;Commune et commune nouvelle;;;;129.0;Communes;158.0;Surtaxe sur les eaux minérales;21663438.0;;;21663438.0;;;23825852.0;;;
Secteur local;Régions;Région;;;;177.0;Régions de la Guadeloupe, de la Martinique, de la Guyane et de la Réunion;238.0;Taxe spéciale de consommation sur les carburants;548967195.0;;;548967195.0;;;599981704.0;;;
Secteur social;Organisme gérant un régime de protection sociale à adhésion obligatoire;Régime général de la Sécurité Sociale;180035032.0;;;126.0;"CNAMTS, CNAVTS, CCMSA (non salariés-maladie) en 2016; CNAVTS dès 2017";145.0;Forfait social;5880835495.0;;;6069165006.0;;;6192829256.0;;;
Autres bénéficiaires;Autres personnes morales de droit privé;Établissement public national à caractère industriel ou commercial doté d'un comptable public;524110921.0;;;80.0;Etablissement public foncier de Vendée;20.0;Taxes spéciales d'équipement;2314000.0;2314000.0;0.0;2470000.0;2470000.0;0.0;2970000.0;2970000.0;0.0;LFR-I 2014 et de la LFI 2015
Organismes d'administration centrale;Opérateurs État;Établissement public national à caractère administratif;130012024.0;Agriculture, alimentation, forêt et affaires rurales;206 Sécurité et qualité sanitaires de l'alimentation;1.0;ANSéS - Agence nationale de sécurité sanitaire, de l'alimentation, de l'environnement et du travail;248.0;Taxe sur les produits de tabac;;;;;;;;;;
Secteur local;Intercommunalité;Autre établissement public local de coopération non spécialisé ou entente;;;;137.0;Communes ou EPCI (établissements publics de coopération intercommunale à fiscalité propre) - part intercommunale;186.0;Taxes d'enlèvement des ordures ménagères;7195881472.0;;;7735572582.0;;;4844268765.0;;;
Autres bénéficiaires;Autres personnes morales de droit privé;Établissement public national à caractère industriel ou commercial doté d'un comptable public;829950005.0;;;48.0;Etablissement public foncier de Mayotte;20.0;Taxes spéciales d'équipement;891000.0;891000.0;0.0;1807000.0;1807000.0;0.0;2307000.0;2307000.0;0.0;LFR 2016 et LFI 2017
Organismes d'administration centrale;Opérateurs État;Établissement public national à caractère administratif;130024565.0;Travail et emploi;103 Accompagnement des mutations économiques et développement de l'emploi;189.0;France Compétences;226.0;PEFPC : CPF CDD (ex-CIF-CDD) : 1% des salaires versés, ou moins en cas d'accord de branche;301050202.0;;;301050202.0;;;341000000.0;;;
Organismes d'administration centrale;Opérateurs État;Établissement public national à caractère administratif;130025919.0;Écologie, développement et mobilité durables;113 Paysages, eau et biodiversité;200.0;OFB - Office français de la biodiversité;290.0;Taxe sur les installations de production d'électricité utilisant l'énergie mécanique du vent situées dans les eaux intérieures ou la mer territoriale;;;;0.0;;;0.0;;;
Organismes d'administration centrale;Opérateurs État;Établissement public national à caractère industriel ou commercial non doté d'un comptable public;390199669.0;Écologie, développement et mobilité durables;174 Énergie, climat et après-mines;21.0;ANDRA - Agence nationale pour la gestion des déchets radioactifs;86.0;Contribution spéciale pour la gestion des déchets radioactifs - Conception;80700000.0;;;80700000.0;;;80700000.0;;;
Autres bénéficiaires;Autres personnes morales de droit privé;Établissement public local à caractère industriel ou commercial;444704977.0;;;65.0;Etablissement public foncier local de la Réunion;20.0;Taxes spéciales d'équipement;9450000.0;;;8844630.0;;;8844630.0;;;
Autres bénéficiaires;Autres personnes morales de droit privé;Établissement public national à caractère industriel ou commercial doté d'un comptable public;435028535.0;;;49.0;"Agence pour la mise en valeur des espaces urbains de la zone dite des "" 50 pas géométriques "" en Martinique";20.0;Taxes spéciales d'équipement;1198000.0;1198000.0;0.0;975000.0;975000.0;0.0;975000.0;975000.0;0.0;LFR 2015 et de la LFI 2016
Secteur local;Régions;Région;232000018.0;;;127.0;Collectivité territoriale de Corse et Conservatoire de l'espace littoral, de 2007 à 2011;170.0;Taxe due par les entreprises de transport public aérien et maritime;29508540.0;;;29508540.0;;;48924512.0;;;
Secteur local;Départements;Département;;;;147.0;Départements (part départementale);194.0;Droit départemental de passage sur les ouvrages d'art reliant le continent aux îles maritimes;34174937.0;;;34174937.0;;;50276731.0;;;
Autres bénéficiaires;Autres personnes morales de droit privé;Centre technique industriel ou comité professionnel du développement économique;775686942.0;;;35.0;CTIF - Centre technique des industries de la fonderie;45.0;Taxe sur les produits de la fonderie;5450000.0;;;;;;;;;
Organismes d'administration centrale;Opérateurs État;Établissement public national à caractère administratif;130025919.0;Écologie, développement et mobilité durables;113 Paysages, eau et biodiversité;200.0;OFB - Office français de la biodiversité;204.0;Droit d'examen du permis de chasse;600000.0;;;600000.0;;;600000.0;;;
Secteur social;Organisme gérant un régime de protection sociale à adhésion obligatoire;Régime spécial de Sécurité Sociale;784275919.0;;;98.0;CNBF - Caisse nationale des barreaux français;98.0;Contribution équivalente aux droits de plaidoirie;103384000.0;;;110597000.0;;;110000000.0;;;
Autres bénéficiaires;Associations;Association déclarée;775571268.0;;;28.0;Francéclat;36.0;Taxe pour le développement des industries de l'horlogerie, bijouterie, joaillerie, orfèvrerie et arts de la table;12700000.0;;;12700000.0;;;12700000.0;;;
Organismes d'administration centrale;Opérateurs État;Établissement public national à caractère administratif;130024565.0;Travail et emploi;103 Accompagnement des mutations économiques et développement de l'emploi;189.0;France Compétences;265.0;Contribution unique à la formation professionnelle et à l'alternance;8997918137.0;9475409000.0;0.0;9830000000.0;9900000000.0;0.0;10453715172.0;10500000000.0;0.0;LFI 2020
Secteur local;Communes;Commune et commune nouvelle;;;;138.0;Communes et départements (part communale);177.0;Redevance proportionnelle sur l'énergie hydraulique;3081126.0;;;3081126.0;;;11347624.0;;;
Secteur social;Organisme gérant un régime de protection sociale à adhésion obligatoire;Autre régime de prévoyance sociale;180092561.0;;;117.0;CNSA;155.0;Contribution solidarité autonomie (CSA);2274000000.0;;;2376000000.0;;;2262000000.0;;;
Autres bénéficiaires;Autres personnes morales de droit privé;Autre personne morale de droit privé;784394561.0;;;150.0;FGAO - Fonds de garantie des assurances obligatoires de dommages;208.0;Contribution des assurés;99600000.0;;;101100000.0;;;101100000.0;;;
Organismes d'administration centrale;Opérateurs État;Établissement public national à caractère administratif;130024565.0;Travail et emploi;103 Accompagnement des mutations économiques et développement de l'emploi;189.0;France Compétences;211.0;PEFPC : Participation au financement de la formation des professions non salariées (artisans) correspondant à 0,29% du montant annuel du plafond de la sécurité sociale, dont micro entrepreneurs;32507371.0;;;61376000.0;61400000.0;0.0;84160000.0;85000000.0;0.0;LFR 2017 et LFI 2018
Organismes d'administration centrale;Opérateurs État;Établissement public national à caractère industriel ou commercial doté d'un comptable public;525046017.0;Écologie, développement et mobilité durables;203 Infrastructures et services de transports;14.0;SGP - Société du Grand Paris;21.0;Taxe annuelle sur les locaux à usage de bureaux, les locaux commerciaux, les locaux de stockage et les surfaces de stationnement annexées à ces catégories de locaux perçue dans la région Ile-de-France;600900000.0;601000000.0;0.0;655100000.0;664000000.0;0.0;700121192.0;718000000.0;0.0;LFI 2012
Organismes d'administration centrale;Opérateurs État;Établissement public national à caractère administratif;180046039.0;Médias, livre et industries culturelles;334 Livre et industries culturelles;107.0;CNC - Centre national du cinéma et de l'image animée;152.0;TST - Taxe sur les éditeurs et distributeurs de services de télévision - Fraction Distributeurs;176879668.0;;;201601000.0;;;203780000.0;;;
Secteur social;Organisme gérant un régime de protection sociale à adhésion obligatoire;Régime général de la Sécurité Sociale;180035032.0;;;126.0;"CNAMTS, CNAVTS, CCMSA (non salariés-maladie) en 2016; CNAVTS dès 2017";140.0;Redevance due par les titulaires de titres d'exploitation de mines d'hydrocarbures liquides ou gazeux;3600000.0;;;3600000.0;;;5000000.0;;;
Organismes d'administration centrale;Opérateurs État;Établissement public national à caractère administratif;130025919.0;Écologie, développement et mobilité durables;113 Paysages, eau et biodiversité;200.0;OFB - Office français de la biodiversité;205.0;Redevance pour délivrance initiale du permis de chasse;900000.0;;;900000.0;;;900000.0;;;
Autres bénéficiaires;Associations;Association déclarée;775692015.0;;;58.0;AFT - Association pour le développement de la formation professionnelle dans les transports;77.0;Taxe destinée à financer le développement des actions de formation professionnelle dans les transports routiers;63426000.0;;;63426000.0;;;63426000.0;;;
Organismes d'administration centrale;Opérateurs État;Établissement public national à caractère administratif;130012024.0;Agriculture, alimentation, forêt et affaires rurales;206 Sécurité et qualité sanitaires de l'alimentation;1.0;ANSéS - Agence nationale de sécurité sanitaire, de l'alimentation, de l'environnement et du travail;75.0;Taxe relative à la mise sur le marché des produits phytopharmaceutiques et de leurs adjuvants, des matières fertilisantes et de leurs adjuvants et des supports de culture;8700000.0;15000000.0;0.0;8700000.0;15000000.0;0.0;8700000.0;15000000.0;0.0;LFR 2016 et LFI 2017
Autres bénéficiaires;Associations;Fondation;413812827.0;;;160.0;Fondation du patrimoine;285.0;Fraction du prélèvement sur les jeux de loterie correspondant aux jeux dédiés au patrimoine;31264516.0;;;31264516.0;;;27000000.0;;;
Organismes d'administration centrale;Etablissements publics nationaux (non opérateurs);Établissement public national à caractère administratif;;;;219.0;FNAVDL - Fonds national d’accompagnement vers et dans le logement;292.0;Cotisation additionnelle versée par les organismes HLM et les SEM;;;;0.0;;;0.0;;;
Secteur social;Organisme gérant un régime de protection sociale à adhésion obligatoire;Autre régime de prévoyance sociale;180020174.0;;;96.0;Caisse d'amortissement de la dette sociale (CADES);136.0;Contribution sociale généralisée (CSG);9501000000.0;;;9885000000.0;;;9681000000.0;;;
Autres bénéficiaires;Autres personnes morales de droit privé;Exploitant public;;;;4.0;FNGRA - Fonds national de gestion des risques en agriculture et fonds de calamités agricoles dans les départements d'outre-mer;7.0;Contributions additionnelles aux primes ou cotisations afférentes à certaines conventions d'assurance;69000000.0;60000000.0;9000000.0;120000000.0;120000000.0;0.0;120000000.0;120000000.0;0.0;LFR 2015 et de la LFI 2016
Secteur local;Intercommunalité;Autre établissement public local de coopération non spécialisé ou entente;;;;137.0;Communes ou EPCI (établissements publics de coopération intercommunale à fiscalité propre) - part intercommunale;183.0;Taxe de séjour, taxe de séjour forfaitaire;223771747.0;;;223771747.0;;;355629867.0;;;
Secteur local;Intercommunalité;Autre établissement public local de coopération non spécialisé ou entente;;;;135.0;Communes ou EPCI (établissements publics de coopération intercommunale) à fiscalité propre;164.0;Taxes dans le domaine funéraire;969277.0;;;969277.0;;;0.0;;;
Secteur social;Organisme gérant un régime de protection sociale à adhésion obligatoire;Autre régime de prévoyance sociale;180092173.0;;;118.0;Fonds CMU - Fonds de financement de la protection complémentaire de la couverture universelle du risque maladie;133.0;Fraction de Taxe de solidarité additionnelle (TSA);;;;;;;;;;
Autres bénéficiaires;Associations;Association déclarée;;;;54.0;Organismes de secours et de sauvetage en mer agréés (art. L742-9 code de la sécurité intérieure);31.0;Taxe annuelle sur les engins maritimes à usage personnel (TAEMUP);4000000.0;4000000.0;0.0;4000000.0;4000000.0;0.0;4000000.0;4000000.0;0.0;LFR 2017 et LFI 2018
Organismes d'administration centrale;Opérateurs État;Établissement public national à caractère administratif;130024565.0;Travail et emploi;103 Accompagnement des mutations économiques et développement de l'emploi;189.0;France Compétences;257.0;PEFPC : Participation au financement de la formation des professions non salariées (Particuliers employeurs) correspondant au minimum à 0,15% au du montant annuel du plafond de la SS;15273593.0;;;15838716.0;;;26039861.0;;;
Organismes d'administration centrale;Opérateurs État;Établissement public national à caractère administratif;180046039.0;Médias, livre et industries culturelles;334 Livre et industries culturelles;107.0;CNC - Centre national du cinéma et de l'image animée;151.0;TST - Taxe sur les éditeurs et distributeurs de services de télévision - Fraction Editeurs;292211790.0;;;245270000.0;;;257300000.0;;;
Secteur local;Régions;Région;;;;156.0;Régions;215.0;Taxe intérieure de consommation sur les produits énergétiques (TICPE) - part Grenelle;557000000.0;;;563891796.0;;;388124444.0;;;
Secteur social;Organisme gérant un régime de protection sociale à adhésion obligatoire;Régime général de la Sécurité Sociale;180035024.0;;;99.0;CNAMTS;136.0;Contribution sociale généralisée (CSG);50967000000.0;;;52987000000.0;;;51885000000.0;;;
Secteur social;Organisme gérant un régime de protection sociale à adhésion obligatoire;Régime général de la Sécurité Sociale;180035024.0;;;99.0;CNAMTS;102.0;Contribution due par les laboratoires sur leurs dépenses de publicité;130748001.0;;;132055481.0;;;70460228.0;;;
Secteur social;Organisme gérant un régime de protection sociale à adhésion obligatoire;Régime général de la Sécurité Sociale;;;;158.0;"CNAVTS, CNAF, FSV, CNAMTS en 2016; CNAVTS, CNAF, CNAMTS dès 2017";218.0;Taxe sur les salaires;16386278293.0;;;17261584620.0;;;16136694652.0;;;
Organismes d'administration centrale;Opérateurs État;Établissement public national à caractère administratif;130003262.0;Administration générale et territoriale de l'État;354 Administration territoriale de l'État;41.0;ANTS - Agence nationale des titres sécurisés;51.0;Taxe sur les Titres de séjour et de voyage electroniques;16000000.0;14490000.0;1510000.0;16000000.0;14490000.0;1510000.0;20900000.0;14490000.0;6410000.0;LFI 2012
Organismes d'administration centrale;Opérateurs État;Établissement public national à caractère administratif;180046039.0;Médias, livre et industries culturelles;334 Livre et industries culturelles;107.0;CNC - Centre national du cinéma et de l'image animée;153.0;Taxe sur les ventes et les locations de vidéogrammes destinés à l'usage privé du public (taxe vidéo et VOD );127049614.0;;;130000000.0;;;126500000.0;;;
Secteur local;Régions;Région;232000018.0;;;127.0;Collectivité territoriale de Corse et Conservatoire de l'espace littoral, de 2007 à 2011;169.0;Droit de consommation sur les tabacs dans les DOM;143845400.0;;;143845400.0;;;202608950.0;;;
Secteur local;Communes;Commune et commune nouvelle;;;;144.0;Communes ou Groupements de communes (parts communale et intercommunale);182.0;Taxe d’aménagement;1267527134.0;;;1267527134.0;;;1329219276.0;;;
Secteur local;Intercommunalité;Autre établissement public local de coopération non spécialisé ou entente;;;;132.0;Offices de l'eau (dans les DOM);171.0;Redevances pour prélèvement sur la ressource en eau, pour pollution de l'eau, pour modernisation des réseaux de collecte, pour pollutions diffuses, pour stockage d'eau en période d'étiage, pour obstacle sur les cours d'eau et pour protection du milieu aquatique dans les DOM;28000000.0;;;28000000.0;;;28000000.0;;;
Organismes d'administration centrale;Opérateurs État;Établissement public national à caractère industriel ou commercial doté d'un comptable public;440546018.0;Recherche et enseignement supérieur;190 Recherche dans les domaines de l'énergie, du développement et de la mobilité durables;19.0;IRSN - Institut de radioprotection et de sûreté nucléaire;202.0;Contribution annuelle au profit de l'Institut de radioprotection et de sûreté nucléaire;61087750.0;61100000.0;0.0;61087750.0;61100000.0;0.0;60700000.0;61100000.0;0.0;LFR 2015 et de la LFI 2016
Organismes d'administration centrale;Opérateurs État;Établissement public national à caractère administratif;130024565.0;Travail et emploi;103 Accompagnement des mutations économiques et développement de l'emploi;189.0;France Compétences;286.0;Contribution spécifique à la formation professionnelle pour Saint Pierre et Miquelon;271250.0;;;281286.0;;;329553.0;;;
Organismes d'administration centrale;Opérateurs État;Établissement public national à caractère administratif;130017791.0;Écologie, développement et mobilité durables;203 Infrastructures et services de transports;13.0;VNF - Voies navigables de France;268.0;Redevance hydraulique;127500000.0;127500000.0;0.0;127500000.0;127500000.0;0.0;136500000.0;136500000.0;0.0;LFI 2020
Organismes d'administration centrale;Opérateurs État;Établissement public national à caractère industriel ou commercial doté d'un comptable public;525046017.0;Écologie, développement et mobilité durables;203 Infrastructures et services de transports;14.0;SGP - Société du Grand Paris;266.0;Taxe sur les surfaces de stationnement;14200000.0;28000000.0;0.0;14600000.0;20000000.0;0.0;28231940.0;30000000.0;0.0;LFI 2019
Secteur social;Organisme gérant un régime de protection sociale à adhésion obligatoire;Mutualité sociale agricole;302990445.0;;;101.0;CCMSA - non salariés branche vieillesse;114.0;Droit de consommation sur les produits intermédiaires;61929721.0;;;60649900.0;;;59576575.0;;;
Autres bénéficiaires;Autres personnes morales de droit privé;Établissement public national à caractère industriel ou commercial doté d'un comptable public;439484593.0;;;50.0;"Agence pour la mise en valeur des espaces urbains de la zone dite des "" 50 pas géométriques "" en Guadeloupe";20.0;Taxes spéciales d'équipement;1186000.0;1186000.0;0.0;997000.0;997000.0;0.0;997000.0;997000.0;0.0;LFR 2015 et de la LFI 2016
Secteur local;Communes;Commune et commune nouvelle;;;;129.0;Communes;159.0;Taxe de balayage;113461601.0;;;113461601.0;;;124525900.0;;;
Autres bénéficiaires;Autres personnes morales de droit privé;Centre technique industriel ou comité professionnel du développement économique;775664881.0;;;25.0;ITERG - Institut des corps gras;33.0;Taxe affectée au financement de l'institut des corps gras;650000.0;;;650000.0;;;650000.0;;;
Secteur local;Communes;Commune et commune nouvelle;;;;136.0;Communes ou EPCI (établissements publics de coopération intercommunale à fiscalité propre) - part communale;176.0;Prélèvement progressif sur le produit des jeux dans les casinos au profit des communes;263310000.0;;;263310000.0;;;0.0;;;
Secteur social;Organisme gérant un régime de protection sociale à adhésion obligatoire;Régime général de la Sécurité Sociale;180035032.0;;;126.0;"CNAMTS, CNAVTS, CCMSA (non salariés-maladie) en 2016; CNAVTS dès 2017";141.0;Contribution sur les avantages de préretraite d’entreprise;54711288.0;;;48462524.0;;;54308037.0;;;
Secteur local;Communes;Commune et commune nouvelle;;;;136.0;Communes ou EPCI (établissements publics de coopération intercommunale à fiscalité propre) - part communale;186.0;Taxes d'enlèvement des ordures ménagères;583566030.0;;;627333482.0;;;564525827.0;;;
Autres bénéficiaires;Autres personnes morales de droit privé;Centre technique industriel ou comité professionnel du développement économique;;;;34.0;CTI de l'Industrie : CT des indus. mécaniques (CETIM), CT de l'industrie du décolletage (CTDEC), CTI de la construction métallique (CTICM), CT des indus. aérauliques et thermiques (CETIAT), et Institut de Soudure;44.0;Taxe pour le développement des industries de la mécanique et de la construction métallique, des matériels et consommables de soudage et produits du décolletage, de construction métallique et des matériels aérauliques et thermiques;96715378.0;;;96715378.0;;;96715378.0;;;
Secteur social;Organisme gérant un régime de protection sociale à adhésion obligatoire;Régime général de la Sécurité Sociale;;;;125.0;CNAMTS - Fonds tabacs;137.0;Contribution sociale à la charge des fournisseurs agréés de produits de tabac;;;;;;;;;;
Organismes d'administration centrale;Etablissements publics nationaux (non opérateurs);Établissement public national à caractère administratif;;;;209.0;ARPE - Autorité des relations sociales des plateformes d'emploi;284.0;Taxe sur les exploitants de plateformes de mises en relation par voie électronique en vue de fournir certaines prestations de transport;2000000.0;2000000.0;0.0;2000000.0;2000000.0;0.0;2000000.0;2000000.0;0.0;LFI 2022
Secteur local;Communes;Commune et commune nouvelle;;;;136.0;Communes ou EPCI (établissements publics de coopération intercommunale à fiscalité propre) - part communale;184.0;Taxe de ski de fond;3761335.0;;;3761335.0;;;2760407.0;;;
Autres bénéficiaires;Autres personnes morales de droit privé;Centre technique industriel ou comité professionnel du développement économique;775594815.0;;;181.0;Centre technique de l’industrie des papiers, cartons et celluloses;246.0;Taxe pour le développement des industries de fabrication du papier, du carton et de la pâte de cellulose.;0.0;;;2346000.0;;;2346000.0;;;
Autres bénéficiaires;Autres personnes morales de droit privé;Établissement public national à caractère industriel ou commercial doté d'un comptable public;441649225.0;;;62.0;Etablissement public foncier de Provence-Alpes-Côte d'Azur;20.0;Taxes spéciales d'équipement;38659000.0;37859000.0;800000.0;38259000.0;38259000.0;0.0;38259000.0;38259000.0;0.0;LFR-I 2014 et de la LFI 2015
Secteur local;Intercommunalité;Autre établissement public local de coopération non spécialisé ou entente;;;;145.0;Communes ou EPCI (établissements publics de coopération intercommunale) à fiscalité propre et Départements;189.0;Versement pour sous-densité;208840.0;;;208840.0;;;509983.0;;;
Autres bénéficiaires;Associations;Association déclarée;784396426.0;;;12.0;Association pour le soutien du théâtre privé;17.0;Taxe sur les spectacles perçue au profit de l'Association pour le soutien du théâtre privé;5000000.0;8000000.0;0.0;6000000.0;8000000.0;0.0;8000000.0;8000000.0;0.0;LFI 2012
Organismes d'administration centrale;Opérateurs État;Établissement public national à caractère administratif;130012024.0;Agriculture, alimentation, forêt et affaires rurales;206 Sécurité et qualité sanitaires de l'alimentation;1.0;ANSéS - Agence nationale de sécurité sanitaire, de l'alimentation, de l'environnement et du travail;79.0;Taxe annuelle sur la vente des produits phytopharmaceutiques;4179000.0;4200000.0;0.0;4179000.0;4200000.0;0.0;4179000.0;4200000.0;0.0;LFR-I 2014 et de la LFI 2015
Secteur local;Départements;Département;;;;147.0;Départements (part départementale);182.0;Taxe d’aménagement;583836246.0;;;583836246.0;;;630709585.0;;;
Secteur local;Intercommunalité;Autre établissement public local de coopération non spécialisé ou entente;;;;142.0;Communes ou EPCI (établissements publics de coopération intercommunale) à fiscalité propre et Départements - part départementale;178.0;Redevances communale et départementale des mines;10674603.0;;;10674603.0;;;1205317.0;;;
Secteur local;Communes;Commune et commune nouvelle;;;;140.0;Communes ou EPCI (établissements publics de coopération intercommunale) à fiscalité propre et Départements - part communale;178.0;Redevances communale et départementale des mines;6952850.0;;;6952850.0;;;8366867.0;;;
Secteur local;Communes;Commune et commune nouvelle;;;;141.0;Communes ou EPCI (établissements publics de coopération intercommunale) à fiscalité propre et Départements - part intercommunale;180.0;Taxe communale sur la consommation finale d'électricité (TCFE);19211201.0;;;19211201.0;;;23912987.0;;;
Organismes d'administration centrale;Opérateurs État;Établissement public national à caractère administratif;180034027.0;Immigration, asile et intégration;104 Intégration et accès à la nationalité française;42.0;OFII - Office français de l'immigration et de l'intégration;206.0;Redevance perçue à l’occasion de l’introduction des familles étrangères en France;800000.0;;;800000.0;;;800000.0;;;
Autres bénéficiaires;Autres personnes morales de droit privé;Établissement public national à caractère industriel ou commercial doté d'un comptable public;301365847.0;;;59.0;Etablissement public foncier de Grand-Est;20.0;Taxes spéciales d'équipement;9480000.0;9480000.0;0.0;10531000.0;10531000.0;0.0;11031000.0;11031000.0;0.0;LFR-I 2014 et de la LFI 2015
Secteur social;Organisme gérant un régime de protection sociale à adhésion obligatoire;Régime général de la Sécurité Sociale;;;;116.0;"CCMSA (non salariés-maladie, non salariés-RCO et salariés), CNAMTS, CNAF, autres régimes de sécurité sociale, CNSA, FCAATA, Fonds CMU-C jusqu'en 2016; CNAMTS et RAVGDT en 2017";134.0;Droits de consommation sur les tabacs;13558609069.0;;;13558609069.0;;;13398481972.0;;;
Organismes d'administration centrale;Opérateurs État;Établissement public national à caractère administratif;180092553.0;Écologie, développement et mobilité durables;203 Infrastructures et services de transports;18.0;AFITF - Agence de financement des infrastructures de transport de France;27.0;Taxe due par les concessionnaires d'autoroutes;655000000.0;566667000.0;88333000.0;680000000.0;566667000.0;113333000.0;566667000.0;566667000.0;0.0;LFI 2012
Secteur local;Intercommunalité;Autre établissement public local de coopération non spécialisé ou entente;;;;137.0;Communes ou EPCI (établissements publics de coopération intercommunale à fiscalité propre) - part intercommunale;176.0;Prélèvement progressif sur le produit des jeux dans les casinos au profit des communes;1500000.0;;;1500000.0;;;0.0;;;
Autres bénéficiaires;Associations;Association déclarée;;;;174.0;Personne publique assurant la gestion de l'espace naturel protégé concerné ou la commune d'implantation de l'espace naturel protégé;234.0;Taxe sur les passagers maritimes embarqués à destination d'espaces naturels protégés;3600000.0;;;3600000.0;;;3600000.0;;;
Autres bénéficiaires;Associations;Association déclarée;784360653.0;;;187.0;UCF CIBTP - Union des caisses de France;263.0;Cotisation BTP intempéries;128325577.0;;;128325577.0;;;128325577.0;;;
Autres bénéficiaires;Autres personnes morales de droit privé;Établissement public national à caractère industriel ou commercial doté d'un comptable public;;;;8.0;FSD - Fonds de solidarité pour le développement géré par l'Agence française de développement (AFD) - suivi MAED;12.0;Taxe de solidarité sur les billets d'avion;210000000.0;210000000.0;0.0;210000000.0;210000000.0;0.0;210000000.0;210000000.0;0.0;LFI 2014
Secteur social;Organisme gérant un régime de protection sociale à adhésion obligatoire;Mutualité sociale agricole;302990445.0;;;100.0;"FCATA (Fonds commun des accidents du travail agricole) jusqu'en 2016; CCMSA en 2017";112.0;Contribution forfaitaire des organismes assureurs et contribution forfaitaire des organismes participant à la gestion du régime prévu par la loi n° 2001-1128 du 30 novembre 2001;4200000.0;;;3800000.0;;;4200000.0;;;
Secteur local;Organismes consulaires;Organisme consulaire;;;;31.0;CRMA (incl. Alsace et Moselle);247.0;Participation au financement de la formation- Fraction affectée aux CMA pour leurs actions de formation;31000000.0;39869000.0;0.0;;;;;;;
Autres bénéficiaires;Autres personnes morales de droit privé;Centre technique industriel ou comité professionnel du développement économique;775691744.0;;;5.0;CTCPA - Centre technique de la conservation des produits agricoles;8.0;Taxe pour le développement de l'industrie de la conservation des produits agricoles (CTCPA);2750000.0;2900000.0;0.0;2750000.0;2900000.0;0.0;2750000.0;2900000.0;0.0;LFI 2012
Secteur local;Régions;Région;;;;177.0;Régions de la Guadeloupe, de la Martinique, de la Guyane et de la Réunion;240.0;Droits assimilés au droit d'octroi de mer sur les rhums et spiritueux à base d'alcool de cru;3802982.0;;;3802982.0;;;4785695.0;;;
Secteur local;Communes;Commune et commune nouvelle;;;;129.0;Communes;160.0;Imposition forfaitaire annuelle sur les pylônes;278337236.0;;;293339016.0;;;338103542.0;;;
Secteur local;Départements;Département;;;;147.0;Départements (part départementale);195.0;Taxe intérieure de consommation sur les produits énergétique (TICPE) - Fractions transférées en compensation du transfert du RMI/RSA et dans le cadre de l'acte II de la décentralisation;5102000000.0;;;5102000000.0;;;3693651478.0;;;
Organismes d'administration centrale;Etablissements publics nationaux (non opérateurs);Établissement public national à caractère administratif;130022338.0;;;92.0;ANSP - Agence nationale de santé publique;14.0;Fraction des Prélèvements sociaux sur les jeux prévus aux art. L137-20 à L137-22 du Code de la sécurité sociale;5000000.0;5000000.0;0.0;5000000.0;5000000.0;0.0;5273645.0;5000000.0;273645.0;LFI 2012
Autres bénéficiaires;Autres personnes morales de droit privé;Établissement public national à caractère industriel ou commercial doté d'un comptable public;;;;40.0;FSD - Fonds de solidarité pour le développement géré par l'Agence française de développement (AFD) - suivi MEF;13.0;Taxe sur les transactions financières - fraction affectée de la ressource État;;;;0.0;251000000.0;0.0;251000000.0;251000000.0;0.0;LFI 2013 et de la LFR-III 2012
Secteur local;Départements;Département;;;;147.0;Départements (part départementale);193.0;Taxe additionnelle départementale à la taxe de séjour;18668885.0;;;18668885.0;;;55067684.0;;;
Secteur local;Départements;Département;;;;147.0;Départements (part départementale);200.0;Taxe départementale des espaces naturels sensibles;;;;;;;;;;
Organismes d'administration centrale;Autres personnes morales de droit public dépendant de l'Etat;Autorité administrative indépendante;130005374.0;;;170.0;H3C - Haut conseil du commissariat aux comptes;39.0;Contribution annuelle acquittée par les personnes inscrites comme commissaires aux comptes, et droit fixe sur chaque rapport de certification des comptes, et contribution de la compagnie nationale des commissaires aux comptes;16326000.0;19400000.0;0.0;16120000.0;19400000.0;0.0;16000000.0;19400000.0;0.0;LFR 2017 et LFI 2018
Organismes d'administration centrale;Opérateurs État;Établissement public national à caractère administratif;130012024.0;Agriculture, alimentation, forêt et affaires rurales;206 Sécurité et qualité sanitaires de l'alimentation;1.0;ANSéS - Agence nationale de sécurité sanitaire, de l'alimentation, de l'environnement et du travail;73.0;Taxe liée aux dossiers de demande concernant les médicaments vétérinaires ou leur publicité;4300000.0;4000000.0;300000.0;4300000.0;4000000.0;300000.0;4300000.0;4000000.0;300000.0;LFR 2016 et LFI 2017
Secteur local;Départements;Département;;;;147.0;Départements (part départementale);192.0;Droits départementaux d'enregistrement sur les mutations à titre onéreux d'immeubles;0.0;;;0.0;;;499596734.0;;;
Secteur local;Communes;Commune et commune nouvelle;;;;141.0;Communes ou EPCI (établissements publics de coopération intercommunale) à fiscalité propre et Départements - part intercommunale;178.0;Redevances communale et départementale des mines;807209.0;;;807209.0;;;12330213.0;;;
Autres bénéficiaires;Autres personnes morales de droit privé;Établissement public national à caractère industriel ou commercial doté d'un comptable public;495120008.0;;;68.0;Etablissement public foncier de la région Ile-de-France;20.0;Taxes spéciales d'équipement;137046000.0;141226000.0;0.0;139136000.0;139136000.0;0.0;139136000.0;139136000.0;0.0;LFR-I 2014 et de la LFI 2015
Organismes d'administration centrale;Etablissements publics nationaux (non opérateurs);Établissement public national à caractère administratif;;;;211.0;3CABTP et OPCO Constructys;288.0;Contribution spécifique pour le développement de la formation professionnelle initiale et continue dans les métiers des professions du bâtiment et des travaux publics.;49600000.0;;;51534400.0;;;131500000.0;;;
Autres bénéficiaires;Autres personnes morales de droit privé;Établissement public local à caractère industriel ou commercial;451440275.0;;;66.0;Etablissement public foncier local du département de la Haute-Savoie;20.0;Taxes spéciales d'équipement;6150000.0;;;7005000.0;;;7005000.0;;;
Autres bénéficiaires;Autres personnes morales de droit privé;Établissement public local à caractère industriel ou commercial;507817161.0;;;82.0;Etablissement public foncier local de Montauban;20.0;Taxes spéciales d'équipement;600000.0;;;579154.0;;;579154.0;;;
Autres bénéficiaires;Associations;Association déclarée;775671878.0;;;206.0;UNEDIC;136.0;Contribution sociale généralisée (CSG);15831000000.0;;;16441000000.0;;;17800000000.0;;;
Secteur social;Organisme gérant un régime de protection sociale à adhésion obligatoire;Mutualité sociale agricole;302990445.0;;;101.0;CCMSA - non salariés branche vieillesse;109.0;Cotisation spéciale sur les boissons alcooliques;752724895.0;;;762244125.0;;;751000000.0;;;
Organismes d'administration centrale;Etablissements publics nationaux (non opérateurs);Établissement public national à caractère administratif;;;;218.0;FFDI - Fonds de financement des dossiers impécunieux;291.0;Quote-part des intérêts servis par la Caisse des dépôts et consignations sur les fonds déposés;;;;0.0;;;0.0;;;
Secteur local;Régions;Région;232000018.0;;;127.0;Collectivité territoriale de Corse et Conservatoire de l'espace littoral, de 2007 à 2011;168.0;"Droit annuel de francisation et de navigation en Corse; droit de passeport en Corse";4694040.0;;;4694040.0;;;4612933.0;;;
Secteur social;Organisme gérant un régime de protection sociale à adhésion obligatoire;Régime général de la Sécurité Sociale;180035032.0;;;126.0;"CNAMTS, CNAVTS, CCMSA (non salariés-maladie) en 2016; CNAVTS dès 2017";142.0;Contribution sur les indemnités de mise à la retraite;29770006.0;;;29770006.0;;;33805744.0;;;
Organismes d'administration centrale;Etablissements publics nationaux (non opérateurs);Établissement public national à caractère administratif;;;;214.0;Comités régionaux des pêches maritimes et des élevages marins;290.0;Taxe sur les installations de production d'électricité utilisant l'énergie mécanique du vent situées dans les eaux intérieures ou la mer territoriale;;;;0.0;;;0.0;;;
Autres bénéficiaires;Autres personnes morales de droit privé;Établissement public local à caractère industriel ou commercial;507679033.0;;;81.0;Etablissement public foncier local Alsace (ex du Bas Rhin);20.0;Taxes spéciales d'équipement;6300000.0;;;7175340.0;;;71753400.0;;;
Secteur local;Intercommunalité;Autre établissement public local de coopération non spécialisé ou entente;;;;149.0;Personnes publiques ou privées exploitant des aérodromes dont le trafic embarqué ou débarqué s'élève au cours de la dernière année civile connue à plus de 5000 unités de trafic (UDT);201.0;Taxe d'aéroport;795100000.0;;;933000000.0;;;1045000000.0;;;
Secteur local;Régions;Région;;;;156.0;Régions;214.0;Taxe sur les certificats d'immatriculation des véhicules (cartes grises);2312894121.0;;;2440103298.0;;;1884291263.0;;;
Secteur local;Établissement public administratif local;(Autre) Établissement public administratif local;;;;113.0;Centres de gestion de la fonction publique territoriale;129.0;Cotisation obligatoire;174619765.0;;;178415402.0;;;182875787.0;;;
Organismes d'administration centrale;Opérateurs État;Établissement public national à caractère administratif;180067027.0;Cohésion des territoires;135 Urbanisme, territoires et amélioration de l'habitat;47.0;ANAH - Agence nationale de l'habitat;251.0;"Recettes issues de la mise aux enchères des ""quotas carbone""";1884000000.0;481000000.0;1403000000.0;2400000000.0;700000000.0;1700000000.0;2400000000.0;700000000.0;1700000000.0;LFI 2019
Autres bénéficiaires;Autres personnes morales de droit privé;Établissement public national à caractère industriel ou commercial doté d'un comptable public;514185792.0;;;79.0;Etablissement public foncier de Bretagne;20.0;Taxes spéciales d'équipement;10893000.0;7751000.0;3142000.0;7838000.0;7838000.0;0.0;7838000.0;7838000.0;0.0;LFR-I 2014 et de la LFI 2015
Autres bénéficiaires;Autres personnes morales de droit privé;Établissement public local à caractère industriel ou commercial;493023329.0;;;75.0;Etablissement public foncier local de Perpignan-Méditerranée;20.0;Taxes spéciales d'équipement;2775000.0;;;2248000.0;;;2248000.0;;;
Secteur social;Organisme gérant un régime de protection sociale à adhésion obligatoire;Régime général de la Sécurité Sociale;;;;124.0;Caisse nationale des allocations familiales [pour le restant des prélèvements];14.0;Fraction des Prélèvements sociaux sur les jeux prévus aux art. L137-20 à L137-22 du Code de la sécurité sociale;361579741.0;;;361579741.0;;;381368911.0;;;
Organismes d'administration centrale;Opérateurs État;Établissement public national à caractère administratif;130024565.0;Travail et emploi;103 Accompagnement des mutations économiques et développement de l'emploi;189.0;France Compétences;212.0;PEFPC : Participation au financement de la formation des professions non salariées (Peche et culture) correspondant au minimum à 0,15% au du montant annuel du plafond de la SS;429755.0;;;1205600.0;;;1205600.0;;;
Autres bénéficiaires;Autres personnes morales de droit privé;Centre technique industriel ou comité professionnel du développement économique;;;;34.0;CTI de l'Industrie : CT des indus. mécaniques (CETIM), CT de l'industrie du décolletage (CTDEC), CTI de la construction métallique (CTICM), CT des indus. aérauliques et thermiques (CETIAT), et Institut de Soudure;45.0;Taxe sur les produits de la fonderie;;;;5450000.0;;;5450000.0;;;
Secteur social;Organisme gérant un régime de protection sociale à adhésion obligatoire;Régime général de la Sécurité Sociale;180035024.0;;;99.0;CNAMTS;104.0;Contribution due par les entreprises exploitant des médicaments bénéficiant d'une AMM / Contribution sur le chiffre d'affaires des entreprises exploitant une ou plusieurs spécialités pharmaceutiques;480664312.0;;;507100849.0;;;588141096.0;;;
Autres bénéficiaires;Autres personnes morales de droit privé;Exploitant public;;;;44.0;FNAL - Fonds national d'aide au logement;63.0;Taxe sur les plus-values immobilières (PVI) autres que terrains à bâtir;;;;;;;;;;
Autres bénéficiaires;Associations;Association déclarée;775682321.0;;;112.0;Comité de gestion des œuvres sociales des personnels hospitaliers (CGOS);129.0;Cotisation obligatoire;474950000.0;;;482000000.0;;;490000000.0;;;
Secteur local;Communes;Commune et commune nouvelle;;;;144.0;Communes ou Groupements de communes (parts communale et intercommunale);187.0;Taxes locales d'équipement;25255629.0;;;25255629.0;;;17454874.0;;;
Organismes d'administration centrale;Etablissements publics nationaux (non opérateurs);Établissement public national à caractère administratif;;;;213.0;Comité national des pêches maritimes et des élevages marins;290.0;Taxe sur les installations de production d'électricité utilisant l'énergie mécanique du vent situées dans les eaux intérieures ou la mer territoriale;;;;0.0;;;0.0;;;
Organismes d'administration centrale;Opérateurs État;Établissement public national à caractère administratif;130006372.0;Agriculture, alimentation, forêt et affaires rurales;149 Compétitivité et durabilité de l'agriculture, de l'agroalimentaire et de la forêt;7.0;ASP - Agence de services et de paiement;10.0;Taxe sur la cession à titre onéreux des terrains nus ou des droits relatifs à des terrains nus rendus constructibles du fait de leur classement;24000000.0;12000000.0;12000000.0;24000000.0;12000000.0;12000000.0;24000000.0;12000000.0;12000000.0;LFI 2013 et de la LFR-III 2012
Autres bénéficiaires;Autres personnes morales de droit privé;Centre technique industriel ou comité professionnel du développement économique;;;;27.0;"CTI de la filière Bois - Comité professionnel de développement des industries françaises de l'ameublement et du bois (CODIFAB); Institut technologique FCBA (Filière cellulose, bois, ameublement); Centre technique de la mécanique (CETIM)";35.0;Taxe pour le développement des industries de l'ameublement ainsi que des industries du bois;15100000.0;;;15100000.0;;;15100000.0;;;
Organismes d'administration centrale;Etablissements publics nationaux (non opérateurs);Établissement public national à caractère administratif;130020621.0;;;165.0;Fonds d'indemnisation de la profession d'avoués près les cours d'appel;225.0;Droit affecté au fonds d’indemnisation de la profession d’avoués près les cours d’appel;26503269.0;;;26983448.0;;;28824881.0;;;
Secteur local;Communes;Commune et commune nouvelle;;;;129.0;Communes;165.0;Taxe locale sur la publicité extérieure;193917022.0;;;193917022.0;;;227335398.0;;;
Secteur social;Organisme gérant un régime de protection sociale à adhésion obligatoire;Autre régime de prévoyance sociale;180020174.0;;;96.0;Caisse d'amortissement de la dette sociale (CADES);96.0;Contributions pour le remboursement de la dette sociale (CRDS);8372000000.0;;;8716000000.0;;;8510000000.0;;;
Secteur local;Départements;Département;;;;147.0;Départements (part départementale);197.0;Taxe départementale de publicité foncière sur les mutations à titres onéreux;16184669586.0;;;14566202627.0;;;15661339633.0;;;
Organismes d'administration centrale;Opérateurs État;Établissement public national à caractère administratif;130003262.0;Administration générale et territoriale de l'État;354 Administration territoriale de l'État;41.0;ANTS - Agence nationale des titres sécurisés;54.0;Fraction des droits de timbre sur les passeports sécurisés;291900000.0;172060000.0;119840000.0;297900000.0;193234000.0;104666000.0;463660000.0;217043401.0;246616599.0;LFI 2012
Secteur social;Organisme gérant un régime de protection sociale à adhésion obligatoire;Régime général de la Sécurité Sociale;180035024.0;;;99.0;CNAMTS;99.0;Droit de licence sur la rémunération des débitants de tabacs;369330712.0;;;369330712.0;;;364506202.0;;;
Secteur local;Départements;Département;;;;204.0;Départements et métropole de Lyon;181.0;Taxe départementale sur la consommation finale d'électricité (TCFE);722971545.0;;;722971545.0;;;1053388916.0;;;
Secteur social;Organisme gérant un régime de protection sociale à adhésion obligatoire;Régime spécial de Sécurité Sociale;784275919.0;;;98.0;CNBF - Caisse nationale des barreaux français;148.0;Droits de plaidoirie;4802000.0;;;4802000.0;;;4000000.0;;;
Organismes d'administration centrale;Autres personnes morales de droit public dépendant de l'Etat;Autorité administrative indépendante;110000239.0;;;38.0;AMF - Autorité des marchés financiers;48.0;Droits et contributions pour frais de contrôle;118500000.0;106000000.0;12500000.0;118600000.0;114500000.0;4100000.0;132389000.0;121000000.0;11389000.0;LFI 2014
Organismes d'administration centrale;Etablissements publics nationaux (non opérateurs);Établissement public national à caractère administratif;;;;212.0;Caisse des dépôts et des consignations;289.0;Solde de la taxe d'apprentissage après prise en compte des versements directs des entreprises mentionnés au II de l'article L. 6241-2;500000000.0;;;515000000.0;;;541780000.0;;;
Autres bénéficiaires;Autres personnes morales de droit privé;Établissement public local à caractère industriel ou commercial;487899056.0;;;72.0;Etablissement public foncier local de la Savoie;20.0;Taxes spéciales d'équipement;3675000.0;;;3710480.0;;;3710480.0;;;
Secteur social;Organisme gérant un régime de protection sociale à adhésion obligatoire;Mutualité sociale agricole;302990445.0;;;101.0;CCMSA - non salariés branche vieillesse;116.0;Droit sur les bières et les boissons non alcoolisées;1134965012.0;;;1179329637.0;;;1158000000.0;;;
Secteur local;Régions;Région;;;;156.0;Régions;213.0;Taxe sur les permis de conduire;50376.0;;;50376.0;;;45663.0;;;
Autres bénéficiaires;Autres personnes morales de droit privé;Société par actions simplifiée à associé unique ou société par actions simplifiée unipersonnelle;824541148.0;;;57.0;Action Logement Services;81.0;Participation des employeurs à l'effort de construction (PEEC);1745000000.0;;;1860000000.0;;;1966000000.0;;;
Secteur social;Organisme gérant un régime de protection sociale à adhésion obligatoire;Régime général de la Sécurité Sociale;180035065.0;;;111.0;CNAF;124.0;Contributions patronales et salariales sur les attributions d’options (stock-options) de souscription ou d’achat des actions et sur les attributions gratuites;880730290.0;;;921251122.0;;;912051654.0;;;
Secteur local;Régions;Région;239730013.0;;;175.0;Région de la Guyane;235.0;Taxe due par les concessionnaires de mines d'or, les amodiataires des concessions de mines d'or et les titulaires de permis et d'autorisations d'exploitation de mines d'or exploitées en Guyane (taxe additionnelle aurifère);0.0;;;0.0;;;606216.0;;;
Organismes d'administration centrale;Etablissements publics nationaux (non opérateurs);Établissement public national à caractère scientifique culturel et professionnel;;;;182.0;Etablissements publics d'enseignement supérieur, établissements mentionnés aux articles L. 443-1 et L. 753-1 du code de l’éducation ou à l'article L. 1431-1 du code général des collectivités territoriales dispensant des formations initiales d'enseignement supérieur, établissements d'enseignement supérieur privés d'intérêt général et centres régionaux des œuvres universitaires et scolaires;252.0;Contribution vie étudiante et campus;164350000.0;165000000.0;0.0;174700000.0;177000000.0;0.0;170200000.0;177000000.0;0.0;LFI 2019
Organismes d'administration centrale;Opérateurs État;Établissement public national à caractère administratif;180092553.0;Écologie, développement et mobilité durables;203 Infrastructures et services de transports;18.0;AFITF - Agence de financement des infrastructures de transport de France;12.0;Taxe de solidarité sur les billets d'avion;110000000.0;230000000.0;0.0;163000000.0;230000000.0;0.0;252000000.0;252000000.0;0.0;LFI 2020
Secteur local;Intercommunalité;Autre établissement public local de coopération non spécialisé ou entente;;;;142.0;Communes ou EPCI (établissements publics de coopération intercommunale) à fiscalité propre et Départements - part départementale;185.0;Taxe sur les remontées mécaniques;660156.0;;;660156.0;;;20892838.0;;;
Autres bénéficiaires;Autres personnes morales de droit privé;Centre technique industriel ou comité professionnel du développement économique;390729176.0;;;131.0;Comité professionnel des stocks stratégiques pétroliers;167.0;Rémunération pour services rendus au comité professionnel des stocks stratégiques pétroliers;383500000.0;;;420000000.0;;;420000000.0;;;
Autres bénéficiaires;Autres personnes morales de droit privé;Établissement public local à caractère industriel ou commercial;498408392.0;;;183.0;Etablissement public foncier local du département de l'Oise;20.0;Taxes spéciales d'équipement;5475000.0;;;6542720.0;;;0.0;;;
Autres bénéficiaires;Autres personnes morales de droit privé;Centre technique industriel ou comité professionnel du développement économique;321549941.0;;;30.0;Comité de développement et de promotion de l'habillement - DEFI;38.0;Taxe pour le développement des industries de l'habillement;11000000.0;;;11000000.0;;;11000000.0;;;
Secteur local;Communes;Commune et commune nouvelle;;;;140.0;Communes ou EPCI (établissements publics de coopération intercommunale) à fiscalité propre et Départements - part communale;180.0;Taxe communale sur la consommation finale d'électricité (TCFE);911821659.0;;;1300000000.0;;;1066455054.0;;;
Secteur local;Départements;Département;;;;139.0;Communes et départements (part départementale);177.0;Redevance proportionnelle sur l'énergie hydraulique;782584.0;;;782584.0;;;3430302.0;;;
Secteur social;Organisme gérant un régime de protection sociale à adhésion obligatoire;Régime général de la Sécurité Sociale;180035024.0;;;99.0;CNAMTS;281.0;Contribution exceptionnelle des organismes complémentaires en santé aux dépenses liées à la gestion de l'épidémie de Covid-19;0.0;;;0.0;;;0.0;;;
Autres bénéficiaires;Associations;Association déclarée;314389040.0;;;90.0;AGS - Association pour la gestion du régime d'assurance des créances des salariés;85.0;Contribution des employeurs à l'association pour la gestion du régime d'assurance des créances des salariés (AGS);907395885.0;;;907395885.0;;;907395885.0;;;
Autres bénéficiaires;Autres personnes morales de droit privé;Établissement public national à caractère industriel ou commercial doté d'un comptable public;;;;8.0;FSD - Fonds de solidarité pour le développement géré par l'Agence française de développement (AFD) - suivi MAED;13.0;Taxe sur les transactions financières - fraction affectée de la ressource État;528000000.0;528000000.0;0.0;277000000.0;277000000.0;0.0;277000000.0;277000000.0;0.0;LFI 2013 et de la LFR-III 2012
Secteur local;Communes;Commune et commune nouvelle;;;;136.0;Communes ou EPCI (établissements publics de coopération intercommunale à fiscalité propre) - part communale;183.0;Taxe de séjour, taxe de séjour forfaitaire;156557950.0;;;156557950.0;;;313870794.0;;;
Secteur social;Organisme gérant un régime de protection sociale à adhésion obligatoire;Autre régime de prévoyance sociale;180092561.0;;;117.0;CNSA;136.0;Contribution sociale généralisée (CSG);30509000000.0;;;31739000000.0;;;31157000000.0;;;
Secteur local;Communes;Commune et commune nouvelle;;;;136.0;Communes ou EPCI (établissements publics de coopération intercommunale à fiscalité propre) - part communale;188.0;Taxes sur les friches commerciales;0.0;;;0.0;;;0.0;;;
Organismes d'administration centrale;Opérateurs État;Établissement public national à caractère administratif;130014442.0;Justice;310 Conduite et pilotage de la politique de la justice;43.0;AGRASC - Agence de gestion et de recouvrement des avoirs saisis et confisqués;62.0;Fraction des produits annuels de la vente de biens confisqués;105133037.0;9900000.0;95233037.0;100000000.0;9900000.0;90100000.0;100000000.0;9900000.0;90100000.0;LFI 2012
Secteur local;Intercommunalité;Autre établissement public local de coopération non spécialisé ou entente;;;;135.0;Communes ou EPCI (établissements publics de coopération intercommunale) à fiscalité propre;175.0;Participation pour non réalisation d'aires de stationnement;56539.0;;;56539.0;;;78328.0;;;
Secteur social;Organisme gérant un régime de protection sociale à adhésion obligatoire;Régime général de la Sécurité Sociale;180035065.0;;;111.0;CNAF;125.0;Taxe exceptionnelle sur la réserve de capitalisation (exit-tax);0.0;;;0.0;;;0.0;;;
Organismes d'administration centrale;Opérateurs État;Établissement public national à caractère administratif;180092272.0;Cohésion des territoires;135 Urbanisme, territoires et amélioration de l'habitat;110.0;CGLLS - Caisse de garantie du logement locatif social;122.0;Cotisation additionnelle versée par les organismes HLM et les SEM;67500000.0;;;57938000.0;;;55000000.0;;;
Autres bénéficiaires;Autres personnes morales de droit privé;Établissement public local à caractère industriel ou commercial;494057722.0;;;76.0;Etablissement public foncier local du Grand Toulouse;20.0;Taxes spéciales d'équipement;13500000.0;;;12678250.0;;;12678250.0;;;
Secteur social;Organisme gérant un régime de protection sociale à adhésion obligatoire;Régime général de la Sécurité Sociale;180035024.0;;;99.0;CNAMTS;133.0;Fraction de Taxe de solidarité additionnelle (TSA);5608337632.0;;;5776587761.0;;;5453896001.0;;;
Autres bénéficiaires;Autres personnes morales de droit privé;Autre personne morale de droit privé;377789060.0;;;151.0;FGTI - Fonds de garantie des victimes d'actes terroristes et autres infractions;209.0;Prélèvement sur les contrats d'assurance de biens;582100000.0;;;582121000.0;;;598300000.0;;;
Secteur local;Communes;Commune et commune nouvelle;;;;130.0;Communes concernées;166.0;Fraction du Prélèvement sur les mises de jeux de cercle en ligne affectée aux communes dans le ressort territorial desquelles sont ouverts au public un ou plusieurs casinos;11000000.0;;;11000000.0;;;0.0;;;
Secteur social;Organisme gérant un régime de protection sociale à adhésion obligatoire;Mutualité sociale agricole;302990445.0;;;120.0;"CCMSA (non salariés-vieillesse et maladie) jusqu'en 2016; CCMSA (non salariés-vieillesse, maladie et RCO) en 2017";115.0;Droits de consommation sur les alcools;2269053675.0;;;2288636556.0;;;2270000000.0;;;
Secteur social;Organisme gérant un régime de protection sociale à adhésion obligatoire;Régime général de la Sécurité Sociale;180035024.0;;;105.0;"CNAMTS jusqu'en 2017; CNAMTS et ACOSS en 2018";138.0;TVA nette;57235000000.0;;;60247000000.0;;;57083072588.0;;;
Secteur local;Régions;Région;237500079.0;;;176.0;Région Ile-de-France;182.0;Taxe d’aménagement;53984927.0;;;53984927.0;;;54155880.0;;;
Secteur local;Régions;Région;237500079.0;;;176.0;Région Ile-de-France;21.0;Taxe annuelle sur les locaux à usage de bureaux, les locaux commerciaux, les locaux de stockage et les surfaces de stationnement annexées à ces catégories de locaux perçue dans la région Ile-de-France;212938000.0;;;212938000.0;;;231805254.0;;;
Secteur local;Départements;Département;;;;133.0;Départements d'Outre-mer;173.0;Droits de consommation sur les tabacs (DOM);143845400.0;;;143845400.0;;;10475214.0;;;
Secteur local;Organismes consulaires;Organisme consulaire;;;;31.0;CRMA (incl. Alsace et Moselle);40.0;TA-CFE - fraction CRMA de la Taxe additionnelle à la cotisation foncière des entreprises pour frais de chambre régionale de métiers et d'artisanat;236747858.0;203149000.0;33598858.0;236747858.0;196149000.0;40598858.0;236748000.0;167149000.0;69599000.0;LFR 2017 et LFI 2018
Secteur social;Organisme gérant un régime de protection sociale à adhésion obligatoire;Régime général de la Sécurité Sociale;180035032.0;;;126.0;"CNAMTS, CNAVTS, CCMSA (non salariés-maladie) en 2016; CNAVTS dès 2017";146.0;Contribution sur les régimes de retraite conditionnant la constitution de droits à prestations à l’achèvement de la carrière du bénéficiaire dans l’entreprise;211292446.0;;;221012503.0;;;209571018.0;;;
